No,Name,Sequence,MW,vol,Adapter_5,Adapter_3,Intensity,plate,Well,ETC
p0,pro_blank,,,,,,,,,
p1,BBa_I14018,TGTAAGTTTATACATAGGCGAGTACTCTGTTATGG,187.42,,AGGTCTCAGCCT,CTTTAGAGACCA,11.01,pro,A1,
p2,BBa_I14034,CATTATTGCAATTAATAAACAACTAACGGACAATTCTACCTAACA,175.28,,AGGTCTCAGCCT,CTTTAGAGACCA,2.95,pro,A2,
p3,BBa_J23101,TTTACAGCTAGCTCAGTCCTAGGTATTATGCTAGC,214.82,,AGGTCTCAGCCT,CTTTAGAGACCA,8,pro,A3,
p4,BBa_J23104,TTGACAGCTAGCTCAGTCCTAGGTATTGTGCTAGC,201.67,,AGGTCTCAGCCT,CTTTAGAGACCA,10.16,pro,A4,
p5,BBa_J23111,TTGACGGCTAGCTCAGTCCTAGGTATAGTGCTAGC,345.25,,AGGTCTCAGCCT,CTTTAGAGACCA,12.57,pro,A5,
p6,BBa_J23112,CTGATAGCTAGCTCAGTCCTAGGGATTATGCTAGC,210.44,,AGGTCTCAGCCT,CTTTAGAGACCA,,pro,A6,
p7,BBa_J23115,TTTATAGCTAGCTCAGCCCTTGGTACAATGCTAGC,443.89,,AGGTCTCAGCCT,CTTTAGAGACCA,2.88,pro,A7,
p8,BBa_J23116,TTGACAGCTAGCTCAGTCCTAGGGACTATGCTAGC,465.81,,AGGTCTCAGCCT,CTTTAGAGACCA,2.92,pro,A8,
p9,BBa_J23119,TTGACAGCTAGCTCAGTCCTAGGTATAATGCTAGC,195.64,,AGGTCTCAGCCT,CTTTAGAGACCA,21.65,pro,A9,
p10,BBa_K088007,TATAAGATCATACGCCGTTATACGTTGTTTACGCTTTG,338.99,,AGGTCTCAGCCT,CTTTAGAGACCA,1.5,pro,A10,
p11,BBa_K119000,TTTACACTTTATGCTTCCGGCTCGTATGTTGTGTGGAC,331.16,,AGGTCTCAGCCT,CTTTAGAGACCA,1,pro,A11,
p12,BBa_M13101,CCCGTCTAATGCGCTTCCCTGTTTTTATGTTATTCTCTCTGTAAAGG,293.77,,AGGTCTCAGCCT,CTTTAGAGACCA,6.51,pro,A12,
p13,BBa_M13104,TTGATAAATTCACTATTGACTCTTCTCAGCGTCTTAATCTAAGCTATCG,169.67,,AGGTCTCAGCCT,CTTTAGAGACCA,10.11,pro,B1,
p14,BBa_M13106,GGTAAACCATATGAATTTTCTATTGATTGTGACAAAATAAACTTATTCC,155.93,,AGGTCTCAGCCT,CTTTAGAGACCA,3.52,pro,B2,
p15,BBa_M13108,AATCTCCGTTGTACTTTGTTTCGCGCTTGGTATAATCGCTGGGGGTC,400.81,,AGGTCTCAGCCT,CTTTAGAGACCA,9.73,pro,B3,
p16,BBa_M13110,TCTTTTTGATGCAATCCGCTTTGCTTCTGACTATAATAGTCAGGGTAA,206.61,,AGGTCTCAGCCT,CTTTAGAGACCA,12.59,pro,B4,
p17,BBa_R1075,TTAAATTTCCTCTTTTCAGGCCGGAATAACTCCCTATAATGCGCCACCA,0,,AGGTCTCAGCCT,CTTTAGAGACCA,1.94,pro,B5,
p18,BBa_J23100,TTGACGGCTAGCTCAGTCCTAGGTACAGTGCTAGC,323.33,,AGGTCTCAGCCT,CTTTAGAGACCA,3.75,pro,B6,
p19,BBa_J23106,TTTACGGCTAGCTCAGTCCTAGGTATAGTGCTAGC,245.51,,AGGTCTCAGCCT,CTTTAGAGACCA,2.91,pro,B7,
p20,BBa_J23109,TTTACAGCTAGCTCAGTCCTAGGGACTGTGCTAGC,460.33,,AGGTCTCAGCCT,CTTTAGAGACCA,3.96,pro,B8,
p21,BBa_J23114,TTTATGGCTAGCTCAGTCCTAGGTACAATGCTAGC,231.26,,AGGTCTCAGCCT,CTTTAGAGACCA,2.31,pro,B9,
p22,BBa_J23117,TTGACAGCTAGCTCAGTCCTAGGGATTGTGCTAGC,248.8,,AGGTCTCAGCCT,CTTTAGAGACCA,4.33,pro,B10,
p23,BBa_J23112,CTGATAGCTAGCTCAGTCCTAGGGATTATGCTAGC,0,,AGGTCTCAGCCT,CTTTAGAGACCA,1,pro,B11,
p24,BBa_J23100_LacO,TTGACGGCTAGCTCAGTCCTAGGTACAGTGCTAGCggaattgtgagcggataacaattcc,0,,AGGTCTCAGCCT,CTTTAGAGACCA,,pro,B12,
p25,BBa_J23106_LacO,TTTACGGCTAGCTCAGTCCTAGGTATAGTGCTAGCggaattgtgagcggataacaattcc,0,,AGGTCTCAGCCT,CTTTAGAGACCA,,pro,C1,
p26,BBa_J23109_LacO,TTTACAGCTAGCTCAGTCCTAGGGACTGTGCTAGCggaattgtgagcggataacaattcc,0,,AGGTCTCAGCCT,CTTTAGAGACCA,,pro,C2,
p27,BBa_J23114_LacO,TTTATGGCTAGCTCAGTCCTAGGTACAATGCTAGCggaattgtgagcggataacaattcc,0,,AGGTCTCAGCCT,CTTTAGAGACCA,,pro,C3,
p28,BBa_J23117_LacO,TTGACAGCTAGCTCAGTCCTAGGGATTGTGCTAGCggaattgtgagcggataacaattcc,0,,AGGTCTCAGCCT,CTTTAGAGACCA,,pro,C4,
p29,BBa_J23113_LacO,CTGATAGCTAGCTCAGTCCTAGGGATTATGCTAGCggaattgtgagcggataacaattcc,,,AGGTCTCAGCCT,CTTTAGAGACCA,,pro,C5,
p30,I712074,taatacgactcactatagggaatacaagctacttgttctttttgca,,,AGGTCTCAGCCT,CTTTAGAGACCA,,,,Strongest T7 promoter by iGEM
p31,I719005,taatacgactcactatagggaga,,,AGGTCTCAGCCT,CTTTAGAGACCA,,,,T7 promoter
p32,I712074_2,taatacgactcactatagggaatacaagctacttgttctttttgca,,,AGGTCTCAGCCT,GCAGAGAGACCA,,,,1-3 overhang
p33,I719005_2,taatacgactcactatagggaga,,,AGGTCTCAGCCT,GCAGAGAGACCA,,,,1-3 overhang
r0,rbs_blank,,,,,,,,,
r1,BBa_J61100,TCTAGAGAAAGAGGGGACAAA,203.99,,AGGTCTCACTTT,GCAGAGAGACCA,6.02,rbs,A1,
r2,BBa_J61101,TCTAGAGAAAGACAGGACCCA,341.9,,AGGTCTCACTTT,GCAGAGAGACCA,3.61,rbs,A2,
r3,BBa_J61104,TCTAGAGAAAGAAGGGACAGA,282.28,,AGGTCTCACTTT,GCAGAGAGACCA,3.41,rbs,A3,
r4,BBa_J61106,TCTAGAGAAAGATAGGAGACA,243.5,,AGGTCTCACTTT,GCAGAGAGACCA,5.02,rbs,A4,
r5,BBa_J61110,TCTAGAGAAAGAGGCGAATTA,219.79,,AGGTCTCACTTT,GCAGAGAGACCA,7.21,rbs,A5,
r6,BBa_J61113,TCTAGAGAAAGAGTGGAAAAA,191.06,,AGGTCTCACTTT,GCAGAGAGACCA,7.7,rbs,A6,
r7,BBa_J61116,TCTAGAGAAAGACATGAGGCA,251.4,,AGGTCTCACTTT,GCAGAGAGACCA,4.39,rbs,A7,
r8,BBa_J61121,TCTAGAGAAAGAGACGAGTCA,260.02,,AGGTCTCACTTT,GCAGAGAGACCA,2.88,rbs,A8,
r9,BBa_J61125,TCTAGAGAAAGAGCCGAGTTA,205.43,,AGGTCTCACTTT,GCAGAGAGACCA,3.42,rbs,A9,
r10,BBa_J61127,TCTAGAGAAAGAGTGGAACTA,224.1,,AGGTCTCACTTT,GCAGAGAGACCA,5.37,rbs,A10,
r11,BBa_J61132,TCTAGAGAAAGACAGGATTAA,173.82,,AGGTCTCACTTT,GCAGAGAGACCA,10.44,rbs,A11,
r12,BBa_J61135,TCTAGAGAAAGACCGGAGACA,205.43,,AGGTCTCACTTT,GCAGAGAGACCA,2.44,rbs,A12,
r13,BBa_J61137,TCTAGAGAAAGAGTAGATCAA,214.05,,AGGTCTCACTTT,GCAGAGAGACCA,5.87,rbs,B1,
r14,BBa_B0029,TCTAGAGTTCACACAGGAAACCTA,274.76,,AGGTCTCACTTT,GCAGAGAGACCA,6.01,rbs,B2,
r15,BBa_B0033,TCTAGAGTCACACAGGACTA,233.6,,AGGTCTCACTTT,GCAGAGAGACCA,3.14,rbs,B3,
r16,BBa_B0035,TCTAGAGATTAAAGAGGAGAATA,180.19,,AGGTCTCACTTT,GCAGAGAGACCA,20.72,rbs,B4,
r17,BBa_B0064,TCTAGAGAAAGAGGGGAAATA,178.85,,AGGTCTCACTTT,GCAGAGAGACCA,16.03,rbs,B5,
r18,BBa_B0072,TCTAGAGCACCACTA,229.53,,AGGTCTCACTTT,GCAGAGAGACCA,1.26,rbs,B6,
r19,BBa_B0073,TCTAGAGTCACACCACTA,308.58,,AGGTCTCACTTT,GCAGAGAGACCA,1.11,rbs,B7,
r20,BBa_B0074,TCTAGAGTCACACCACCCTA,193.93,,AGGTCTCACTTT,GCAGAGAGACCA,1,rbs,B8,
r21,BBa_B0030,TCTAGAGATTAAAGAGGAGAAATA,290.93,,AGGTCTCACTTT,GCAGAGAGACCA,26.43,rbs,B9,
r22,BBa_B0032,TCTAGAGTCACACAGGAAAGTA,268.43,,AGGTCTCACTTT,GCAGAGAGACCA,5.12,rbs,B10,
r23,BBa_B0034,TCTAGAGAAAGAGGAGAAATA,216.92,,AGGTCTCACTTT,GCAGAGAGACCA,19.46,rbs,B11,
r24,R_BBa_B0030,TCTAGAGATTAAAGAGGAGAAATA,0,,AGGTCTCACTTT,GCAGAGAGACCA,,rbs,B12,
r25,R_BBa_B0032,TCTAGAGTCACACAGGAAAGTA,0,,AGGTCTCACTTT,GCAGAGAGACCA,,rbs,C1,
r26,R_BBa_B0034,TCTAGAGAAAGAGGAGAAATA,0,,AGGTCTCACTTT,GCAGAGAGACCA,,rbs,C2,
r27,BBa_B0040,AGGTTCTGTTAAGTAACTGAACCCAATGTCGTTAGTGACGCTTACCTCTTAAGAGGTCACTGACCTAACA,0,,AGGTCTCACTTT,GCAGAGAGACCA,,rbs,C3,
t0,ter_blank,,,,,,,,,
t1,L3S3P54,TTCCAGAAAAGACACCCTAACGGGTGTTTTTTTGTTTCTGGTCTCCC,352.99,,AGGTCTCACTAA,TCACAGAGACCA,,ter,A1,
t2,L3S3P12,CCAATTATTGAACACCCGAAAGGGTGTTTTTTTGTTTCTGGTCTCCC,0,,AGGTCTCACTAA,TCACAGAGACCA,,ter,A2,
t3,L2U7H06,CTAAAGCGCCGAACAGGCGCTTTAGTTTTGCAAC,0,,AGGTCTCACTAA,TCACAGAGACCA,,ter,A3,
t4,L2U2H10,GGGCGGTCCGCAGATCGCCCTTTTTTGTA,0,,AGGTCTCACTAA,TCACAGAGACCA,,ter,A4,
t5,L2U6H12,CGCCCGCTAACCACGCGGGCGTTTTTTGTA,0,,AGGTCTCACTAA,TCACAGAGACCA,,ter,A5,
t6,L1U4H12,CGACGTTCGCGTCGTTTTCTCTG,0,,AGGTCTCACTAA,TCACAGAGACCA,,ter,A6,
t7,L2U8H10,GGGCGGTCTAACCACGATCGCCCTTGTTGTAT,0,,AGGTCTCACTAA,TCACAGAGACCA,,ter,A7,
t8,L1U5H12,CGACGTTCGCGTCGTTTATTGTC,0,,AGGTCTCACTAA,TCACAGAGACCA,,ter,A8,
t9,ECK125095210,GTTTCTCGCGCAGGCGCTGAAAATAGCGCCTGTTTTTATTTC,355.21,,AGGTCTCACTAA,TCACAGAGACCA,,ter,A9,
t10,ECK120010866-R,AACAAATAAGTGAGAGCTGTAACTCTCGCTTTTCTTA,0,,AGGTCTCACTAA,TCACAGAGACCA,,ter,A10,
t11,ECK125109871,CCATAAAAAAGCGCCATTCAGCGCCTTTTTATCATCCCCTT,0,,AGGTCTCACTAA,TCACAGAGACCA,,ter,A11,
t12,ECK120030672,AGTATGCACACGGGCAGCACGACGCTGCCCGATTTTTTTGCA,0,,AGGTCTCACTAA,TCACAGAGACCA,,ter,A12,
t13,ECK120020526-R,CATAAAAAAAGGGCCTAAAGCCCAGTTATTCTG,0,,AGGTCTCACTAA,TCACAGAGACCA,,ter,B1,
t14,ECK120015447-R,TTTAAAAGATTATCGGGAGAGTTACCTCCCGATATAAAAGGAAG,0,,AGGTCTCACTAA,TCACAGAGACCA,,ter,B2,
t15,ECK120010821,GAAGTTCAAGGGCGCATCTACTGATGTGCCTTTTTTATTT,0,,AGGTCTCACTAA,TCACAGAGACCA,,ter,B3,
t16,ECK120010832,GGCTCAAAGACCCGCTGCGGCGGGTTTTTTTGTCT,0,,AGGTCTCACTAA,TCACAGAGACCA,,ter,B4,
t17,ECK120030219,ACTATTTTCTAAAGGCGCTTCGGCGCCTTTTTAGTCAGAT,0,,AGGTCTCACTAA,TCACAGAGACCA,,ter,B5,
t18,ECK120010841,AAGCAGAGAACCCTGGATGAGAGTCCGGGGTTTTTGTTTTT,0,,AGGTCTCACTAA,TCACAGAGACCA,,ter,B6,
t19,BBa_B0057,CAGAAATCATCCTTAGCGAAAGCTAAGGATTTTTTTTATCTG,0,,AGGTCTCACTAA,TCACAGAGACCA,,ter,B7,
t20,ECK120010869,TAACGTAAAAACCCGCTTCGGCGGGTTTTTTTATG,0,,AGGTCTCACTAA,TCACAGAGACCA,,ter,B8,
t21,L2U3H03,TAGCGTGACCGGCGCATCGGTCACGCTATTTGTTGAG,0,,AGGTCTCACTAA,TCACAGAGACCA,,ter,B9,
t22,L1U4H07,GATCCAGCTTCGGCTGGATCTTTTCTCTG,0,,AGGTCTCACTAA,TCACAGAGACCA,,ter,B10,
t23,L2U5H11,TAGCGTGCGAACAGCACGCTATTGTTGTAT,0,,AGGTCTCACTAA,TCACAGAGACCA,,ter,B11,
t24,L3S2P21,CTCGGTACCAAATTCCAGAAAAGAGGCCTCCCGAAAGGGGGGCCTTTTTTCGTTTTGGTCC,0,,AGGTCTCACTAA,TCACAGAGACCA,,ter,B12,
t25,L3S1P56,TTTTCGAAAAAAGGCCTCCCAAATCGGGGGGCCTTTTTTATTGATAACAAAA,489.35,,AGGTCTCACTAA,TCACAGAGACCA,0.228874435,ter,C1,
t26,TL3,aatggcgatgacgcatcctcacgataatatccgggtaggcgcaatcactttcgtctactccgttacaaagcgaggctgggtatttcccggcctttctgttatccgaaatccactgaaagcacagcggctggctgaggagataaataataaacgaggggctgtatgcacaaagcatcttctgttgagttaagaacgagtatcgagatggcacatagccttgctcaaattggaatcaggtttgtgccaataccagtagaaacagacgaagaa,0,,AGGTCTCACTAA,TCACAGAGACCA,,ter,C2,
t27,T1T2,ccatgcgagagtagggaactgccaggcatcaaataaaacgaaaggctcagtcgaaagactgggcctttcgttttatctgttgtttgtcggtgaacgctctcctgagtaggacaaatccgccgggagcggatttgaacgttgcgaagcaacggcccggagggtggcgggcaggacgcccgccataaactgccaggcatcaaattaagcagaaggccatcctgacggatggcctttttgcgtttctacaaactctt,0,,AGGTCTCACTAA,TCACAGAGACCA,,ter,C3,
t28,B0015,ccaggcatcaaataaaacgaaaggctcagtcgaaagactgggcctttcgttttatctgttgtttgtcggtgaacgctctctact agagtcacactggctcaccttcgggtgggcctttctgcgtttata,0,,,,,ter,C4,
c0,cds_blank,,,,,,,,,
c1,LacI,gtgaaaccagtaacgttatacgatgtcgcagagtatgccggtgtctcttatcagaccgtttcccgcgtggtgaaccaggccagccacgtttctgcgaaaacgcgggaaaaagtggaagcggcgatggcggagctgaattacattcccaaccgcgtggcacaacaactggcgggcaaacagtcgttgctgattggcgttgccacctccagtctggccctgcacgcgccgtcgcaaattgtcgcggcgattaaatctcgcgccgatcaactgggtgccagcgtggtggtgtcgatggtagaacgaagcggcgtcgaagcctgtaaagcggcggtgcacaatcttctcgcgcaacgcgtcagtgggctgatcattaactatccgctggatgaccaggatgccattgctgtggaagctgcctgcactaatgttccggcgttatttcttgatgtctctgaccagacacccatcaacagtattattttctcccatgaagacggtacgcgactgggcgtggagcatctggtcgcattgggtcaccagcaaatcgcgctgttagcgggcccattaagttctgtctcggcgcgtctgcgtctggctggctggcataaatatctcactcgcaatcaaattcagccgatagcggaacgggaaggcgactggagtgccatgtccggttttcaacaaaccatgcaaatgctgaatgagggcatcgttcccactgcgatgctggttgccaacgatcagatggcgctgggcgcaatgcgcgccattaccgagtccgggctgcgcgttggtgcggatatctcggtagtgggatacgacgataccgaagacagctcatgttatatcccgccgttaaccaccatcaaacaggattttcgcctgctggggcaaaccagcgtggaccgcttgctgcaactctctcagggccaggcggtgaagggcaatcagctgttgcccgtctcactggtgaaaagaaaaaccaccctggcgcccaatacgcaaaccgcctctccccgcgcgttggccgattcattaatgcagctggcacgacaggtttcccgactggaaagcgggcagtga,146.17,,AGGTCTCAGCAG,CTAAAGAGACCA,,ext,,
c2,sfGFP,atgcgtaaaggcgaagagctgttcactggtgtcgtccctattctggtggaactggatggtgatgtcaacggtcataagttttccgtgcgtggcgagggtgaaggtgacgcaactaatggtaaactgacgctgaagttcatctgtactactggtaaactgccggtaccttggccgactctggtaacgacgctgacttatggtgttcagtgctttgctcgttatccggaccatatgaagcagcatgacttcttcaagtccgccatgccggaaggctatgtgcaggaacgcacgatttcctttaaggatgacggcacgtacaaaacgcgtgcggaagtgaaatttgaaggcgataccctggtaaaccgcattgagctgaaaggcattgactttaaagaagacggcaatatcctgggccataagctggaatacaattttaacagccacaatgtttacatcaccgccgataaacaaaaaaatggcattaaagcgaattttaaaattcgccacaacgtggaggatggcagcgtgcagctggctgatcactaccagcaaaacactccaatcggtgatggtcctgttctgctgccagacaatcactatctgagcacgcaaagcgttctgtctaaagatccgaacgagaaacgcgatcatatggttctgctggagttcgtaaccgcagcgggcatcacgcatggtatggatgaactgtacaaa,,,AGGTCTCAGCAG,CTAAAGAGACCA,,ext,,
c3,tphA1,atgaaccaccagatccatatccacgactccgatatcgcgttcccctgcgcgcccgggcaatccgtactggatgcagctctgcaggccggcatcgagctgccctattcctgccgcaaaggtagctgtggcaactgtgcgagtacgctgctcgacggaaatattgcctccttcaatggcatggccgtgcgaaacgaactctgcgcctcggaacaagtgctgctgtgcggctgcactgcagccagcgatatacgtatccacccgagctcctttcgccgtctcgacccggaagcccgaaaacgttttacggccaaggtgtacagcaatacactggcggcacccgatgtctcgctgctgcgcctgcgcctgcctgtgggcaagcgcgccaaatttgaagccggccaatacctgctgattcacctcgacgacggggaaagccgcagctactctatggccaatccaccccatgagagcgatggcatcacattgcatgtcaggcatgtacctggtggtcgcttcagcactatcgttcagcagttgaagtctggtgacacattggatatcgaactgccattcggcagcatcgcactgaagcctgatgacgcaaggcccctgatttgcgttgcgggtggcacgggatttgcgcccattaaatccgttcttgatgacttagccaaacgcaaggttcagcgcgacatcacgctgatctggggggctcgcaacccctcgggcctgtatcttcctagcgccatcgacaagtggcgcaaagtctggccacagtttcgctacattgcagccatcaccgacctaggcgatatgcctgcggatgctcacgcaggtcgggtggatgacgcgctacgcactcactttggcaacctgcacgatcatgtggtgcactgctgtggctcaccagctctggttcaatcagtgcgcacagccgcttccgatatgggcctgcttgcacaggacttccacgcggatgtttttgcgacaggcccgactggtcaccactaa,,,AGGTCTCAGCAG,CTAAAGAGACCA,,ext,,
c4,tphA2,atgcaagaatccatcatccagtggcatggggccactaatacgcgcgtgccttttggtatctataccgacacagccaatgctgatcaggaacagcagcgcatctatcgcggcgaggtctggaactacttgtgcctggaatctgaaattcccggggccggtgatttccgcactacctttgccggtgaaacaccgatagttgtcgtacgggatgccgaccaggaaatctacgccttcgagaaccgctgcgcgcatcgcggcgctctcatcgctctggagaaatcgggccgtacggatagtttccagtgcgtctatcacgcctggagctacaaccgacagggagatctgaccggcgttgccttcgagaaaggtgtcaagggccagggtggcatgccggcctcattctgcaaagaagagcatggcccgcgcaagctccgcgtggctgtcttttgcggtttggtctttggcagtttttccgaggacgtgcccagcattgaggattaccttggccctgagatttgcgagcgcatagagcgcgtgctgcacaagcccgtagaagtcatcggtcgcttcacgcaaaagctgcctaacaactggaagctctacttcgagaacgtgaaggacagctatcacgccagcctcctgcatatgttcttcaccaccttcgagctgaatcgcctctcacaaaaaggcggtgtcatcgtcgacgagtcgggtggccaccatgtgagctattccatgatcgatcgcggcgccaaagacgactcgtacaaggaccaggccatccgctccgacaacgagcgttaccggctcaaagatcctagccttctagagggctttgaggagttcgaggacggcgtgaccctgcagatcctttctgtgttccctggctttgtgctgcagcagattcagaacagcatcgccgtgcgtcagttgctgcccaagagcatctccagctcggaactcaactggacctatcttggctatgcagatgacagtgccgagcaacgcaaggtcagactcaaacaggccaaccttatcggcccggccggattcatttccatggaagacggagctgtcggtggattcgtgcagcgtggcatcgcaggcgctgccaaccttgatgcagtcatcgagatgggcggagtccacgaaggctctagcgagggccgcgccacggaaacctcggtacgcggcttttggaaggcctaccgcaagcatatgggacaggagatgcaagcataa,,,AGGTCTCAGCAG,CTAAAGAGACCA,,ext,,
c5,tphA3,atgatcaatgaaattcaaatcgcggccttcaatgccgcctacgcgaagaccatagacagtgatgcaatggagcaatggccaacctttttcaccaaggattgccactattgcgtcaccaatgtcgacaaccatgatgagggacttgctgccggcattgtctgggcggattcgcaggacatgctcaccgaccgaatttctgcgctgcgcgaagccaatatctacgagcgccaccgctatcgccatatcctgggtctgccttcgatccagtcaggcgatgcaacacaggccagcgcttccactccgttcatggtgctgcgcatcatgcatacaggggaaacagaggtctttgccagcggtgagtacctcgacaaattcaccacgatcgatggcaagttacgtctgcaagaacgcatcgcggtttgcgacagcacggtgacggacacgctgatggcattgccgctataa,,,AGGTCTCAGCAG,CTAAAGAGACCA,,ext,,
c6,tphB,atgacaatagtgcaccgtagattggctttggccatcggcgatccccacggtattggcccagaaatcgcactgaaagctctccagcagctgtctgtcaccgaaaggtcacttatcaaggtctatggaccttggagcgctctcgagcaagccgcacgggtttgcgaaatggagccgcttcttcaagacatcgttcacgaggaagccggcacacttacacaaccagttcaatggggagaaatcaccccgcaggctggtctatctacggtgcaatccgcaacagcggctatccgagcgtgcgaaaacggcgaagtcgatgccgtcattgcctgccctcaccatgaaacggccattcaccgcgcaggcatagcgttcagcggctacccatctttgctcgccaatgttcttggcatgaacgaagaccaggtattcctgatgctggtgggggctggcctgcgcatagtgcatgtcactttgcatgaaagcgtgcgcagcgcattggagcggctctctcctcagttggtggtcaacgcggcgcaggctgccgtgcagacatgcaccttactcggagtgcctaaaccaaaagtcgctgtattcgggatcaaccctcatgcatctgaaggacagttgttcggcctggaggactcccagatcaccgttcccgctgtcgagacactgcgcaagcgcggcctagcagtagacggccccatgggagctgacatggttctggcacagcgcaagcacgacctgtatgtagccatgctgcacgatcagggccatatccccatcaagctgctggcacctaacggagccagcgcactatctatcggtggcagggtggtgctttccagcgtgggccatggcagcgccatggacattgccggccgtggcgtggctgacgccacggccctcctacgcacaatagccctactcggagcccaaccggtctaa,,,AGGTCTCAGCAG,CTAAAGAGACCA,,ext,,
c7,KmR,atgagccatattcaacgggaaacgtcttgctctaggccgcgattaaattccaacatggatgctgatttatatgggtataaatgggctcgcgataatgtcgggcaatcaggtgcgacaatctatcgattgtatgggaagcccgatgcgccagagttgtttctgaaacatggcaaaggtagcgttgccaatgatgttacagatgagatggtcagactaaactggctgacggaatttatgcctcttccgaccatcaagcattttatccgtactcctgatgatgcatggttactcaccactgcgatccccgggaaaacagcattccaggtattagaagaatatcctgattcaggtgaaaatattgttgatgcgctggcagtgttcctgcgccggttgcattcgattcctgtttgtaattgtccttttaacagcgaccgcgtatttcgtctcgctcaggcgcaatcacgaatgaataacggtttggttgatgcgagtgattttgatgacgagcgtaatggctggcctgttgaacaagtctggaaagaaatgcataaacttttgccattctcaccggattcagtcgtcactcatggtgatttctcacttgataaccttatttttgacgaggggaaattaataggttgtattgatgttggacgagtcggaatcgcagaccgataccaggatcttgccatcctatggaactgcctcggtgagttttctccttcattacagaaacggctttttcaaaaatatggtattgataatcctgatatgaataaattgcagtttcatttgatgctcgatgagtttttc,,,,,,ext,,
c8,CmR,tttagcttccttagctcctgaaaatctcgataactcaaaaaatacgcccggtagtgatcttatttcattatggtgaaagttggaacctcttacgtgccgatcaatggagaaaaaaatcactggatataccaccgttgatatatcccaatggcatcgtaaagaacattttgaggcatttcagtcagttgctcaatgtacctataaccagaccgttcagctggatattacggcctttttaaagaccgtaaagaaaaataagcacaagttttatccggcctttattcacattcttgcccgcctgatgaatgctcatccggagttccgtatggcaatgaaagacggtgagctggtgatatgggatagtgttcacccttgttacaccgttttccatgagcaaactgaaacgttttcatcgctctggagtgaataccacgacgatttccggcagtttctacacatatattcgcaagatgtggcgtgttacggtgaaaacctggcctatttccctaaagggtttattgagaatatgtttttcgtctcagccaatccctgggtgagtttcaccagttttgatttaaacgtggccaatatggacaacttcttcgcccccgttttcaccatgggcaaatattatacgcaaggcgacaaggtgctgatgccgctggcgattcaggttcatcatgccgtctgtgatggcttccatgtcggcagaatgcttaatgaattacaacagtactgcgatgagtggcagggcggggcgtaa,,,,,,ext,,
c9,RG_tphA1,,,,,,,ext,,
c10,RG_tphA2,,,,,,,ext,,
c11,RG_tphA3,,,,,,,ext,,
c12,RG_tphB,,,,,,,ext,,
c13,UGI,,,,,,,ext,,
c14,eMutaT7,atgatgacagacgccgagtacgtgcgcattcatgagaaactggatatttacaccttcaagaagcagttcttcaacaacaagaaatctgtgtcacaccgctgctacgtgctgtttgagttgaagcgaaggggcgaaagaagggcttgcttttggggctatgccgtcaacaagccccaaagtggcaccgagagaggaatacacgctgagatattcagtatccgaaaggtggaagagtatcttcgggataatcctgggcagtttacgatcaactggtattccagctggagtccttgcgctgattgtgccgagaaaattctggaatggtataatcaggaacttcggggaaacgggcacacattgaaaatctgggcctgcaagctgtactacgagaagaatgcccggaaccagataggactctggaatctgagggacaatggtgtaggcctgaacgtgatggtttccgagcactatcagtgttgtcggaagattttcatccaaagctctcataaccagctcaatgaaaaccgctggttggagaaaacactgaaacgtgcggagaagtggagatccgagctgagcatcatgatccaggtcaagattctgcataccactaagtctccagccgttagcgagactcccgggacctcagagtccgccacacccgaaagtaacacgattaacatcgctaagaacgacttctctgacatcgaactggctgctatcccgttcaacactctggctgaccattacggtgagcgtttagctcgcgaacagttggcccttgagcatgagtcttacgagatgggtgaagcacgcttccgcaagatgtttgagcgtcaacttaaagctggtgaggttgcggataacgctgccgccaagcctctcatcactaccctactccctaagatgattgcacgcatcaacgactggtttgaggaagtgaaagctaagcgcggcaagcgcccgacagccttccagttcctgcaagaaatcaagccggaagccgtagcgtacatcaccattaagaccactctggcttgcctaaccagtgctgacaatacaaccgttcaggctgtagcaagcgcaatcggtcgggccattgaggacgaggctcgcttcggtcgtatccgtgaccttgaagctaagcacttcaagaaaaacgttgaggaacaactcaacaagcgcgtagggcacgtctacaagaaagcatttatgcaagttgtcgaggctgacatgctctctaagggtctactcggtggcgaggcgtggtcttcgtggcataaggaagactctattcatgtaggagtacgctgcatcgagatgctcattgagtcaaccggaatggttagcttacaccgccaaaatgctggcgtagtaggtcaagactctgagactatcgaactcgcacctgaatacgctgaggctatcgcaacccgtgcaggtgcgctggctggcatctctccgatgttccaaccttgcgtagttcctcctaagccgtggactggcattactggtggtggctattgggctaacggtcgtcgtcctctggcgctggtgcgtactcacagtaagaaagcactgatgcgctacgaagacgtttacatgcctgaggtgtacaaagcgattaacattgcgcaaaacaccgcatggaaaatcaacaagaaagtcctagcggtcgccaacgtaatcaccaagtggaagcattgtccggtcgaggacatccctgcgattgagcgtgaagaactcccgatgaaaccggaagacatcgacatgaatcctgaggctctcaccgcgtggaaacgtgctgccgctgctgtgtaccgcaaggacaaggctcgcaagtctcgccgtatcagccttgagttcatgcttgagcaagccaataagtttgctaaccataaggccatctggttcccttacaacatggactggcgcggtcgtgtttacgctgtgtcaatgttcaacccgcaaggtaacgatatgaccaaaggactgcttacgctggcgaaaggtaaaccaatcggtaaggaaggttactactggctgaaaatccacggtgcaaactgtgcgggtgtcgataaggttccgttccctgagcgcatcaagttcattgaggaaaaccacgagaacatcatggcttgcgctaagtctccactggagaacacttggtgggctgagcaagattctccgttctgcttccttgcgttctgctttgagtacgctggggtacagcaccacggcctgagctataactgctcccttccgctggcgtttgacgggtcttgctctggcatccagcacttctccgcgatgctccgagatgaggtaggtggtcgcgcggttaacttgcttcctagtgaaaccgttcaggacatctacgggattgttgctaagaaagtcaacgagattctacaagcagacgcaatcaatgggaccgataacgaagtagttaccgtgaccgatgagaacactggtgaaatctctgagaaagtcaagctgggcactaaggcactggctggtcaatggctggcttacggtgttactcgcagtgtgactaagcgttcagtcatgacgctggcttacgggtccaaagagttcggcttccgtcaacaagtgctggaagataccattcagccagctattgattccggcaagggtctgatgttcactcagccgaatcaggctgctggatacatggctaagctgatttgggaatctgtgagcgtgacggtggtagctgcggttgaagcaatgaactggcttaagtctgctgctaagctgctggctgctgaggtcaaagataagaagactggagagattcttcgcaagcgttgcgctgtgcattgggtaactcctgatggtttccctgtgtggcaggaatacaagaagcctattcagacgcgcttgaacctgatgttcctcggtcagttccgcttacagcctaccattaacaccaacaaagatagcgagattgatgcacacaaacaggagtctggtatcgctcctaactttgtacacagccaagacggtagccaccttcgtaagactgtagtgtgggcacacgagaagtacggaatcgaatcttttgcactgattcacgactccttcggtaccattccggctgacgctgcgaacctgttcaaagcagtgcgcgaaactatggttgacacctatgagtcttgtgatgtactggctgatttctacgaccagttcgctgaccagttgcacgagtctcaattggacaaaatgccagcacttccggctaaaggtaacttgaacctccgtgacatcttagagtcggacttcgcgttcgcgta,,,,,,ext,,
c15,DmpR,,,,,,,ext,,
v1,pACBB,,,5,,,,ext,,
